,Use Case,Delegation Time Taken,Verification Time Taken,Total Time Taken
0,Supervisor Student,269.7435643554914,169.65544554384627,439.39900989933767
1,Supervisor Student Protocol,156.60099009830174,319.8910891106813,476.49207920898306
2,Doctor Nurse,166.37623762317224,149.6633663384041,316.03960396157635
3,Doctor Nurse Protocol,87.59504950518655,89.32673267090675,176.9217821760933
4,Employee Protocol,584.4633663320305,4979.630693075091,5564.094059407121
