,Use Case,Delegation Time Taken,Verification Time Taken,Total Time Taken
0,Supervisor Student,219.68571428571428,161.67714285595076,381.3628571416651
1,Supervisor Student Protocol,154.55285714098386,314.02000000221386,468.5728571431977
2,Doctor Nurse,89.48285714387893,92.59142857193947,182.0742857158184
3,Doctor Nurse Protocol,99.90714285884584,190.21857142703874,290.1257142858846
4,Employee Protocol,551.891428564276,4239.438571435213,4791.329999999489
