,Use Case,Delegation Time Taken,Verification Time Taken,Total Time Taken
0,Supervisor Student,212.24153846318904,161.5446153833316,373.7861538465206
1,Supervisor Student Protocol,154.61384615164536,314.8030769256445,469.4169230772899
2,Doctor Nurse,88.86000000146718,93.22615384505345,182.08615384652063
3,Doctor Nurse Protocol,112.129230765196,108.79538461245023,220.92461537764623
4,Employee Protocol,549.8815384543859,4224.624615390484,4774.50615384487
