,Use Case,Delegation Time Taken,Verification Time Taken,Total Time Taken
0,Supervisor Student,269.7435643554914,169.65544554384627,439.39900989933767
1,Supervisor Student Protocol,156.60099009830174,319.8910891106813,476.49207920898306
2,Doctor Nurse,46.32673267208704,115.43069306812664,161.75742574021368
3,Doctor Nurse Protocol,124.0346534635761,116.18118811715948,240.21584158073557
4,Employee Protocol,584.4633663320305,4979.630693075091,5564.094059407121
